model_name,GPUMemoryReq,BasicRuntime
yolov8n,657,0.054753114
yolov8x,1143,0.060485162
yolov8m,819,0.057315248
resnet18,639,0.012753275
resnet50,929,0.017401139
resnet152,1053,0.032696928
vgg11,1083,0.009973645
vgg16,1125,0.010493302
vgg19,1151,0.010795813
densenet121,727,0.030520521
densenet169,747,0.036801938
densenet201,895,0.04168381
llama3,16107,18.97077145
qwen2.5,15855,8.815430522
glm4,18667,21.69678712